{"iteration": 30820, "detector_class_loss": 0.0802148095365175, "detector_regr_loss": 0.12015623417362634, "rpn_class_loss": 0.046078031793198054, "rpn_regr_loss": 0.03951369404101471, "total_loss": 0.2859627695443566, "_timestamp": 1704444439.0427105, "_runtime": 4723.143758535385, "_step": 30820, "epoch": 20, "learning_rate": 0.001, "momentum": 0.9, "weight_decay": 0.0005, "dropout": 0.0, "mAP": 55.18167944975123, "_wandb": {"runtime": 4728}}