{"iteration": 30820, "detector_class_loss": 0.06818280486282116, "detector_regr_loss": 0.10261228068950505, "rpn_class_loss": 0.022265113127201197, "rpn_regr_loss": 0.03159041432752186, "total_loss": 0.22465061300704925, "_timestamp": 1704447665.640157, "_runtime": 2712.822557926178, "_step": 30820, "epoch": 20, "learning_rate": 0.001, "momentum": 0.9, "weight_decay": 0.0005, "dropout": 0.0, "mAP": 57.91638097100811, "_wandb": {"runtime": 2720}}