{"iteration": 30820, "detector_class_loss": 0.24545708109819894, "detector_regr_loss": 0.21434093061756007, "rpn_class_loss": 0.09156820238105551, "rpn_regr_loss": 0.04843670650121705, "total_loss": 0.5998029205980316, "_timestamp": 1704444436.9160192, "_runtime": 4721.019810199738, "_step": 30820, "epoch": 20, "learning_rate": 0.01, "momentum": 0.9, "weight_decay": 0.0005, "dropout": 0.0, "mAP": 41.3590204057407, "_wandb": {"runtime": 4729}}