{"iteration": 30820, "detector_class_loss": 0.10819830784742164, "detector_regr_loss": 0.18082508502698044, "rpn_class_loss": 0.186161350719945, "rpn_regr_loss": 0.05389449395029942, "total_loss": 0.5290792375446465, "_timestamp": 1704444419.2957323, "_runtime": 4703.134670257568, "_step": 30820, "epoch": 20, "learning_rate": 0.0001, "momentum": 0.9, "weight_decay": 0.0005, "dropout": 0.0, "mAP": 46.73280802196417, "_wandb": {"runtime": 4716}}