{"iteration": 30820, "detector_class_loss": 0.0820487228601882, "detector_regr_loss": 0.12490529108329904, "rpn_class_loss": 0.04723619891771482, "rpn_regr_loss": 0.03954422819905814, "total_loss": 0.2937344410602602, "_timestamp": 1704460348.8586712, "_runtime": 4312.467568159103, "_step": 30820, "epoch": 20, "learning_rate": 0.001, "momentum": 0.9, "weight_decay": 0.0005, "mAP": 58.3899221932125, "_wandb": {"runtime": 4345}}