{"iteration": 6469, "detector_class_loss": 0.197040440752858, "detector_regr_loss": 0.27208229926735406, "rpn_class_loss": 0.11788614107082125, "rpn_regr_loss": 0.05057515873283636, "total_loss": 0.6375840398238697, "_timestamp": 1704454434.8122075, "_runtime": 920.0157923698425, "_step": 6469, "epoch": 4, "learning_rate": 0.001, "momentum": 0.9, "weight_decay": 0.0005, "mAP": 57.318786677847655, "_wandb": {"runtime": 919}}